mac_to_b300_cluster_efficiency_ratio,efficiency_ratio_percent,mac_task_cost_index,b300_task_cost_index,mac_to_b300_task_cost_ratio,mac_to_b300_task_running_time_ratio
0.1,10.0,554.4993662864385,100,5.544993662864385,10.0
0.101,10.100000000000001,549.0092735509293,100,5.490092735509292,9.900990099009901
0.10200000000000001,10.200000000000001,543.6268296925869,100,5.436268296925868,9.80392156862745
0.10300000000000001,10.3,538.3488993072219,100,5.383488993072219,9.70873786407767
0.10400000000000001,10.4,533.172467583114,100,5.33172467583114,9.615384615384615
0.10500000000000001,10.500000000000002,528.0946345585129,100,5.280946345585129,9.523809523809524
0.10600000000000001,10.600000000000001,523.1126097041873,100,5.231126097041873,9.433962264150942
0.10700000000000001,10.700000000000001,518.2237068097556,100,5.182237068097557,9.345794392523363
0.10800000000000001,10.8,513.4253391541098,100,5.1342533915410975,9.259259259259258
0.109,10.9,508.71501494168683,100,5.087150149416868,9.174311926605505
0.11,11.0,504.09033298767145,100,5.0409033298767145,9.090909090909092
0.111,11.1,499.5489786364312,100,4.9954897863643115,9.00900900900901
0.112,11.200000000000001,495.0887198986059,100,4.950887198986059,8.928571428571429
0.113,11.3,490.7074037933085,100,4.907074037933085,8.849557522123893
0.114,11.4,486.40295288284085,100,4.864029528828408,8.771929824561402
0.115,11.5,482.1733619882075,100,4.821733619882075,8.695652173913043
0.116,11.600000000000001,478.016695074516,100,4.78016695074516,8.620689655172413
0.117,11.700000000000001,473.93108229610135,100,4.739310822961014,8.547008547008547
0.11800000000000001,11.8,469.9147171918971,100,4.699147171918971,8.47457627118644
0.11900000000000001,11.9,465.9658540222173,100,4.659658540222173,8.403361344537814
0.12000000000000001,12.000000000000002,462.0828052386988,100,4.620828052386988,8.333333333333332
0.12100000000000001,12.100000000000001,458.2639390797013,100,4.582639390797013,8.264462809917354
0.12200000000000001,12.200000000000001,454.507677283966,100,4.54507677283966,8.19672131147541
0.123,12.3,450.8124929158038,100,4.508124929158037,8.130081300813009
0.124,12.4,447.17690829551503,100,4.4717690829551495,8.064516129032258
0.125,12.5,443.5994930291509,100,4.435994930291509,8.0
0.126,12.6,440.0788621320941,100,4.400788621320941,7.936507936507937
0.127,12.7,436.61367424129025,100,4.366136742412902,7.874015748031496
0.128,12.8,433.20262991128016,100,4.332026299112801,7.8125
0.129,12.9,429.84446998948727,100,4.298444699894873,7.751937984496124
0.13,13.0,426.53797406649124,100,4.265379740664912,7.692307692307692
0.131,13.100000000000001,423.2819589972814,100,4.232819589972814,7.633587786259541
0.132,13.200000000000001,420.0752774897262,100,4.2007527748972615,7.575757575757575
0.133,13.3,416.9168167567207,100,4.169168167567207,7.518796992481203
0.134,13.4,413.8054972286855,100,4.138054972286855,7.462686567164178
0.135,13.5,410.74027132328786,100,4.1074027132328785,7.4074074074074066
0.136,13.600000000000001,407.72012226944014,100,4.077201222694401,7.352941176470588
0.137,13.700000000000001,404.7440629828019,100,4.047440629828019,7.2992700729927
0.138,13.8,401.8111349901729,100,4.018111349901728,7.246376811594202
0.139,13.900000000000002,398.9204074003155,100,3.989204074003155,7.194244604316546
0.14,14.000000000000002,396.0709759188847,100,3.9607097591888465,7.142857142857142
0.14100000000000001,14.100000000000001,393.2619619052756,100,3.9326196190527556,7.092198581560283
0.14200000000000002,14.200000000000001,390.49251146932295,100,3.904925114693229,7.04225352112676
0.14300000000000002,14.3,387.76179460590106,100,3.8776179460590106,6.9930069930069925
0.14400000000000002,14.400000000000002,385.0690043655823,100,3.850690043655823,6.944444444444444
0.14500000000000002,14.500000000000002,382.4133560596128,100,3.8241335605961275,6.896551724137931
0.14600000000000002,14.600000000000001,379.79408649756067,100,3.7979408649756063,6.84931506849315
0.14700000000000002,14.700000000000003,377.21045325608065,100,3.7721045325608062,6.802721088435373
0.14800000000000002,14.800000000000002,374.66173397732337,100,3.746617339773233,6.756756756756756
0.14900000000000002,14.900000000000002,372.1472256955963,100,3.721472256955963,6.711409395973154
0.15000000000000002,15.000000000000002,369.66624419095905,100,3.69666244190959,6.666666666666666
0.151,15.1,367.2181233685024,100,3.672181233685024,6.622516556291391
0.15200000000000002,15.200000000000003,364.8022146621306,100,3.648022146621306,6.578947368421051
0.15300000000000002,15.300000000000002,362.41788646172455,100,3.624178864617245,6.5359477124183
0.154,15.4,360.06452356262247,100,3.600645235626225,6.4935064935064934
0.155,15.5,357.741526636412,100,3.57741526636412,6.451612903225807
0.156,15.6,355.448311722076,100,3.55448311722076,6.410256410256411
0.157,15.7,353.1843097365851,100,3.531843097365851,6.369426751592357
0.158,15.8,350.9489660040751,100,3.5094896600407504,6.329113924050633
0.159,15.9,348.7417398027916,100,3.4874173980279157,6.289308176100628
0.16,16.0,346.56210392902415,100,3.465621039290241,6.25
0.161,16.1,344.40954427729105,100,3.4440954427729102,6.211180124223603
0.162,16.2,342.28355943607323,100,3.422835594360732,6.172839506172839
0.163,16.3,340.1836602984286,100,3.4018366029842855,6.134969325153374
0.164,16.400000000000002,338.1093696868528,100,3.3810936968685277,6.097560975609756
0.165,16.5,336.06022199178096,100,3.3606022199178094,6.0606060606060606
0.166,16.6,334.0357628231558,100,3.3403576282315575,6.024096385542168
0.167,16.7,332.03554867451413,100,3.3203554867451412,5.988023952095808
0.168,16.8,330.0591465990706,100,3.300591465990706,5.952380952380952
0.169,16.900000000000002,328.10613389730094,100,3.281061338973009,5.9171597633136095
0.17,17.0,326.1760978155521,100,3.261760978155521,5.88235294117647
0.17099999999999999,17.099999999999998,324.2686352552273,100,3.2426863525522727,5.847953216374269
0.172,17.2,322.3833524921155,100,3.223833524921155,5.813953488372094
0.17300000000000001,17.3,320.51986490545585,100,3.205198649054558,5.780346820809248
0.17400000000000002,17.400000000000002,318.677796716344,100,3.1867779671634398,5.747126436781609
0.175,17.5,316.8567807351078,100,3.168567807351078,5.714285714285714
0.17600000000000002,17.6,315.05645811729465,100,3.1505645811729464,5.681818181818182
0.177,17.7,313.27647812793145,100,3.132764781279314,5.649717514124294
0.178,17.8,311.51649791372955,100,3.1151649791372957,5.617977528089888
0.17900000000000002,17.900000000000002,309.7761822829266,100,3.0977618228292654,5.586592178770949
0.18,18.0,308.0552034924659,100,3.080552034924659,5.555555555555555
0.181,18.099999999999998,306.3532410422313,100,3.063532410422313,5.524861878453039
0.182,18.2,304.6699814760652,100,3.0466998147606517,5.4945054945054945
0.183,18.3,303.00511818931074,100,3.030051181893107,5.46448087431694
0.184,18.4,301.3583512426297,100,3.0135835124262966,5.434782608695652
0.185,18.5,299.7293871818587,100,2.997293871818587,5.405405405405405
0.186,18.6,298.11793886367667,100,2.981179388636767,5.376344086021505
0.187,18.7,296.52372528686556,100,2.9652372528686555,5.347593582887701
0.188,18.8,294.9464714289567,100,2.949464714289567,5.319148936170213
0.189,18.9,293.38590808806276,100,2.9338590808806275,5.291005291005291
0.19,19.0,291.84177172970453,100,2.918417717297045,5.2631578947368425
0.191,19.1,290.31380433844953,100,2.9031380433844953,5.2356020942408374
0.192,19.2,288.80175327418675,100,2.8880175327418676,5.208333333333333
0.193,19.3,287.30537113286977,100,2.8730537113286974,5.181347150259067
0.194,19.400000000000002,285.8244156115663,100,2.8582441561156626,5.154639175257731
0.195,19.5,284.3586493776608,100,2.843586493776608,5.128205128205128
0.196,19.6,282.9078399420605,100,2.829078399420605,5.1020408163265305
0.197,19.7,281.4717595362632,100,2.8147175953626324,5.0761421319796955
0.198,19.8,280.0501849931508,100,2.800501849931508,5.05050505050505
0.199,19.900000000000002,278.6428976313762,100,2.7864289763137617,5.025125628140703
0.2,20.0,277.2496831432193,100,2.7724968314321927,5.0
0.201,20.1,275.87033148579036,100,2.7587033148579034,4.975124378109452
0.202,20.200000000000003,274.50463677546463,100,2.745046367754646,4.9504950495049505
0.203,20.3,273.15239718543774,100,2.731523971854377,4.926108374384236
0.20400000000000001,20.400000000000002,271.8134148462934,100,2.718134148462934,4.901960784313725
0.20500000000000002,20.5,270.4874957494822,100,2.7048749574948223,4.878048780487805
0.20600000000000002,20.6,269.17444965361096,100,2.6917444965361095,4.854368932038835
0.20700000000000002,20.700000000000003,267.8740899934486,100,2.6787408999344855,4.8309178743961345
0.20800000000000002,20.8,266.586233791557,100,2.66586233791557,4.8076923076923075
0.20900000000000002,20.900000000000002,265.31070157245864,100,2.6531070157245864,4.78468899521531
0.21000000000000002,21.000000000000004,264.04731727925645,100,2.6404731727925643,4.761904761904762
0.21100000000000002,21.1,262.7959081926249,100,2.627959081926249,4.7393364928909945
0.21200000000000002,21.200000000000003,261.55630485209366,100,2.6155630485209365,4.716981132075471
0.21300000000000002,21.3,260.3283409795486,100,2.6032834097954862,4.694835680751173
0.21400000000000002,21.400000000000002,259.1118534048778,100,2.5911185340487783,4.672897196261681
0.21500000000000002,21.500000000000004,257.90668199369236,100,2.5790668199369233,4.651162790697674
0.21600000000000003,21.6,256.7126695770549,100,2.5671266957705487,4.629629629629629
0.217,21.7,255.52966188315145,100,2.5552966188315143,4.6082949308755765
0.21800000000000003,21.800000000000004,254.35750747084336,100,2.5435750747084334,4.587155963302751
0.21900000000000003,21.900000000000002,253.19605766504043,100,2.531960576650404,4.5662100456621
0.22,22.0,252.04516649383572,100,2.5204516649383573,4.545454545454546
0.22100000000000003,22.1,250.90469062734775,100,2.5090469062734773,4.524886877828053
0.222,22.2,249.7744893182156,100,2.4977448931821558,4.504504504504505
0.223,22.3,248.65442434369444,100,2.4865442434369442,4.484304932735426
0.22400000000000003,22.400000000000002,247.54435994930293,100,2.475443599493029,4.4642857142857135
0.225,22.5,246.4441627939727,100,2.464441627939727,4.444444444444445
0.226,22.6,245.35370189665426,100,2.4535370189665424,4.424778761061947
0.227,22.7,244.27284858433418,100,2.442728485843342,4.405286343612334
0.228,22.8,243.20147644142043,100,2.432014764414204,4.385964912280701
0.229,22.900000000000002,242.13946126045354,100,2.4213946126045354,4.366812227074235
0.23,23.0,241.08668099410374,100,2.4108668099410373,4.3478260869565215
0.231,23.1,240.04301570841497,100,2.4004301570841498,4.329004329004329
0.232,23.200000000000003,239.008347537258,100,2.39008347537258,4.310344827586206
0.233,23.3,237.98256063795648,100,2.3798256063795646,4.291845493562231
0.234,23.400000000000002,236.96554114805068,100,2.369655411480507,4.273504273504273
0.23500000000000001,23.5,235.95717714316535,100,2.3595717714316535,4.25531914893617
0.23600000000000002,23.6,234.95735859594856,100,2.3495735859594853,4.23728813559322
0.23700000000000002,23.700000000000003,233.96597733605003,100,2.3396597733605002,4.219409282700422
0.23800000000000002,23.8,232.98292701110864,100,2.3298292701110865,4.201680672268907
0.23900000000000002,23.900000000000002,232.00810304871908,100,2.3200810304871906,4.184100418410042
0.24000000000000002,24.000000000000004,231.0414026193494,100,2.310414026193494,4.166666666666666
0.24100000000000002,24.1,230.082724600182,100,2.3008272460018198,4.149377593360995
0.242,24.2,229.13196953985067,100,2.2913196953985064,4.132231404958678
0.24300000000000002,24.3,228.1890396240488,100,2.2818903962404877,4.11522633744856
0.244,24.4,227.25383864198304,100,2.2725383864198303,4.098360655737705
0.245,24.5,226.32627195364842,100,2.2632627195364843,4.081632653061225
0.24600000000000002,24.6,225.40624645790186,100,2.2540624645790186,4.0650406504065035
0.24700000000000003,24.700000000000003,224.49367056131115,100,2.2449367056131115,4.048582995951417
0.24800000000000003,24.800000000000004,223.5884541477575,100,2.2358845414775748,4.032258064516129
0.249,24.9,222.69050854877054,100,2.2269050854877053,4.016064257028113
0.25,25.0,221.79974651457545,100,2.2179974651457544,4.0
0.251,25.1,220.91608218583212,100,2.209160821858321,3.9840637450199203
0.252,25.2,220.03943106604706,100,2.2003943106604704,3.9682539682539684
0.253,25.3,219.16970999463976,100,2.1916970999463974,3.952569169960474
0.254,25.4,218.30683712064513,100,2.183068371206451,3.937007874015748
0.255,25.5,217.45073187703474,100,2.174507318770347,3.9215686274509802
0.256,25.6,216.60131495564008,100,2.1660131495564006,3.90625
0.257,25.7,215.75850828266093,100,2.157585082826609,3.8910505836575875
0.258,25.8,214.92223499474363,100,2.1492223499474363,3.875968992248062
0.259,25.900000000000002,214.09241941561336,100,2.1409241941561334,3.861003861003861
0.26,26.0,213.26898703324562,100,2.132689870332456,3.846153846153846
0.261,26.1,212.45186447756268,100,2.124518644775627,3.8314176245210727
0.262,26.200000000000003,211.6409794986407,100,2.116409794986407,3.8167938931297707
0.263,26.3,210.83626094541393,100,2.1083626094541392,3.8022813688212924
0.264,26.400000000000002,210.0376387448631,100,2.1003763874486308,3.7878787878787876
0.265,26.5,209.24504388167495,100,2.092450438816749,3.773584905660377
0.266,26.6,208.45840837836036,100,2.0845840837836036,3.7593984962406015
0.267,26.700000000000003,207.6776652758197,100,2.076776652758197,3.745318352059925
0.268,26.8,206.90274861434276,100,2.0690274861434275,3.731343283582089
0.269,26.900000000000002,206.13359341503292,100,2.0613359341503292,3.717472118959108
0.27,27.0,205.37013566164393,100,2.0537013566164393,3.7037037037037033
0.271,27.1,204.61231228281866,100,2.0461231228281864,3.6900369003690034
0.272,27.200000000000003,203.86006113472007,100,2.0386006113472006,3.676470588235294
0.273,27.3,203.11332098404344,100,2.0311332098404344,3.663003663003663
0.274,27.400000000000002,202.37203149140095,100,2.0237203149140095,3.64963503649635
0.275,27.500000000000004,201.63613319506857,100,2.0163613319506855,3.6363636363636362
0.276,27.6,200.90556749508644,100,2.009055674950864,3.623188405797101
0.277,27.700000000000003,200.18027663770346,100,2.0018027663770344,3.6101083032490973
0.278,27.800000000000004,199.46020370015776,100,1.9946020370015776,3.597122302158273
0.279,27.900000000000002,198.74529257578442,100,1.9874529257578442,3.584229390681003
0.28,28.000000000000004,198.03548795944235,100,1.9803548795944232,3.571428571428571
0.281,28.1,197.33073533325216,100,1.9733073533325214,3.558718861209964
0.28200000000000003,28.200000000000003,196.6309809526378,100,1.9663098095263778,3.5460992907801416
0.28300000000000003,28.300000000000004,195.9361718326638,100,1.9593617183266379,3.5335689045936394
0.28400000000000003,28.400000000000002,195.24625573466147,100,1.9524625573466146,3.52112676056338
0.28500000000000003,28.500000000000004,194.56118115313635,100,1.9456118115313632,3.508771929824561
0.28600000000000003,28.6,193.88089730295053,100,1.9388089730295053,3.4965034965034962
0.28700000000000003,28.700000000000003,193.205354106773,100,1.93205354106773,3.484320557491289
0.28800000000000003,28.800000000000004,192.53450218279116,100,1.9253450218279116,3.472222222222222
0.28900000000000003,28.900000000000002,191.8682928326777,100,1.918682928326777,3.460207612456747
0.29000000000000004,29.000000000000004,191.2066780298064,100,1.9120667802980638,3.4482758620689653
0.29100000000000004,29.100000000000005,190.54961040771084,100,1.9054961040771083,3.4364261168384878
0.29200000000000004,29.200000000000003,189.89704324878034,100,1.8989704324878032,3.424657534246575
0.29300000000000004,29.300000000000004,189.24893047318722,100,1.892489304731872,3.41296928327645
0.29400000000000004,29.400000000000006,188.60522662804033,100,1.8860522662804031,3.4013605442176864
0.29500000000000004,29.500000000000004,187.96588687675882,100,1.8796588687675881,3.3898305084745757
0.29600000000000004,29.600000000000005,187.33086698866168,100,1.8733086698866166,3.378378378378378
0.29700000000000004,29.700000000000003,186.70012332876718,100,1.8670012332876718,3.3670033670033663
0.29800000000000004,29.800000000000004,186.07361284779816,100,1.8607361284779815,3.355704697986577
0.299,29.9,185.4512930723875,100,1.854512930723875,3.3444816053511706
0.30000000000000004,30.000000000000004,184.83312209547952,100,1.848331220954795,3.333333333333333
0.30100000000000005,30.100000000000005,184.2190585669231,100,1.8421905856692309,3.322259136212624
0.30200000000000005,30.200000000000003,183.60906168425117,100,1.8360906168425115,3.311258278145695
0.30300000000000005,30.300000000000004,183.00309118364308,100,1.8300309118364306,3.3003300330033
0.304,30.4,182.40110733106533,100,1.8240110733106534,3.2894736842105265
0.305,30.5,181.80307091358642,100,1.8180307091358643,3.278688524590164
0.30600000000000005,30.600000000000005,181.20894323086227,100,1.8120894323086225,3.26797385620915
0.30700000000000005,30.700000000000006,180.6186860867878,100,1.806186860867878,3.2573289902280127
0.30800000000000005,30.800000000000004,180.0322617813112,100,1.800322617813112,3.2467532467532463
0.309,30.9,179.44963310240732,100,1.7944963310240731,3.236245954692557
0.31,31.0,178.870763318206,100,1.78870763318206,3.2258064516129035
0.311,31.1,178.29561616927288,100,1.7829561616927285,3.215434083601286
0.31200000000000006,31.200000000000006,177.72415586103799,100,1.7772415586103798,3.2051282051282044
0.31300000000000006,31.300000000000004,177.15634705637012,100,1.7715634705637013,3.1948881789137373
0.314,31.4,176.59215486829254,100,1.7659215486829254,3.1847133757961785
0.315,31.5,176.03154485283764,100,1.7603154485283765,3.1746031746031744
0.316,31.6,175.47448300203754,100,1.7547448300203752,3.1645569620253164
0.31700000000000006,31.700000000000006,174.92093573704685,100,1.7492093573704683,3.154574132492113
0.31800000000000006,31.800000000000004,174.37086990139576,100,1.7437086990139574,3.1446540880503138
0.319,31.900000000000002,173.82425275436947,100,1.7382425275436946,3.134796238244514
0.32,32.0,173.28105196451207,100,1.7328105196451205,3.125
0.321,32.1,172.7412356032519,100,1.727412356032519,3.115264797507788
0.322,32.2,172.20477213864552,100,1.7220477213864551,3.1055900621118013
0.32300000000000006,32.300000000000004,171.67163042923792,100,1.7167163042923792,3.0959752321981417
0.324,32.4,171.14177971803662,100,1.711417797180366,3.0864197530864197
0.325,32.5,170.6151896265965,100,1.7061518962659648,3.0769230769230766
0.326,32.6,170.0918301492143,100,1.7009183014921427,3.067484662576687
0.327,32.7,169.57167164722892,100,1.6957167164722893,3.058103975535168
0.328,32.800000000000004,169.0546848434264,100,1.6905468484342638,3.048780487804878
0.32899999999999996,32.9,168.5408408165467,100,1.685408408165467,3.0395136778115504
0.33,33.0,168.03011099589048,100,1.6803011099589047,3.0303030303030303
0.331,33.1,167.52246715602374,100,1.6752246715602372,3.021148036253776
0.332,33.2,167.0178814115779,100,1.6701788141157787,3.012048192771084
0.333,33.300000000000004,166.51632621214372,100,1.6651632621214372,3.003003003003003
0.33399999999999996,33.4,166.0177743372571,100,1.6601777433725708,2.9940119760479047
0.33499999999999996,33.5,165.52219889147423,100,1.6552219889147421,2.985074626865672
0.336,33.6,165.0295732995353,100,1.650295732995353,2.976190476190476
0.337,33.7,164.53987130161383,100,1.645398713016138,2.9673590504451037
0.338,33.800000000000004,164.05306694865047,100,1.6405306694865045,2.9585798816568047
0.33899999999999997,33.9,163.5691345977695,100,1.6356913459776952,2.9498525073746316
0.33999999999999997,34.0,163.08804890777608,100,1.6308804890777606,2.9411764705882355
0.341,34.1,162.60978483473272,100,1.6260978483473272,2.9325513196480935
0.342,34.2,162.13431762761363,100,1.621343176276136,2.923976608187134
0.343,34.300000000000004,161.66162282403457,100,1.6166162282403456,2.9154518950437316
0.344,34.4,161.19167624605774,100,1.6119167624605775,2.906976744186047
0.345,34.5,160.72445399606917,100,1.6072445399606916,2.8985507246376816
0.346,34.599999999999994,160.25993245272792,100,1.6025993245272794,2.8901734104046244
0.34700000000000003,34.7,159.7980882669852,100,1.5979808826698516,2.881844380403458
0.34800000000000003,34.800000000000004,159.338898358172,100,1.5933889835817199,2.8735632183908044
0.349,34.9,158.88233991015434,100,1.5888233991015432,2.865329512893983
0.35,35.0,158.4283903675539,100,1.584283903675539,2.857142857142857
0.351,35.099999999999994,157.9770274320338,100,1.579770274320338,2.8490028490028494
0.352,35.199999999999996,157.52822905864736,100,1.5752822905864734,2.8409090909090913
0.353,35.3,157.08197345224892,100,1.570819734522489,2.8328611898017
0.354,35.4,156.63823906396573,100,1.566382390639657,2.824858757062147
0.355,35.5,156.1970045877292,100,1.5619700458772918,2.8169014084507045
0.356,35.6,155.75824895686478,100,1.5575824895686479,2.808988764044944
0.357,35.699999999999996,155.3219513407391,100,1.5532195134073912,2.801120448179272
0.358,35.8,154.88809114146332,100,1.548880911414633,2.793296089385475
0.359,35.9,154.45664799065142,100,1.5445664799065142,2.785515320334262
0.36,36.0,154.02760174623296,100,1.5402760174623296,2.7777777777777777
0.361,36.1,153.60093248931818,100,1.5360093248931816,2.770083102493075
0.362,36.199999999999996,153.17662052111564,100,1.5317662052111565,2.7624309392265194
0.363,36.3,152.75464635990045,100,1.5275464635990044,2.7548209366391188
0.364,36.4,152.3349907380326,100,1.5233499073803258,2.7472527472527473
0.365,36.5,151.91763459902427,100,1.5191763459902428,2.73972602739726
0.366,36.6,151.50255909465537,100,1.5150255909465535,2.73224043715847
0.367,36.7,151.08974558213586,100,1.5108974558213586,2.7247956403269757
0.368,36.8,150.67917562131484,100,1.5067917562131483,2.717391304347826
0.369,36.9,150.27083097193457,100,1.5027083097193459,2.710027100271003
0.37,37.0,149.86469359092936,100,1.4986469359092935,2.7027027027027026
0.371,37.1,149.4607456297678,100,1.494607456297678,2.6954177897574123
0.372,37.2,149.05896943183834,100,1.4905896943183834,2.6881720430107525
0.373,37.3,148.6593475298763,100,1.486593475298763,2.680965147453083
0.374,37.4,148.26186264343278,100,1.4826186264343277,2.6737967914438503
0.375,37.5,147.86649767638363,100,1.4786649767638362,2.6666666666666665
0.376,37.6,147.47323571447836,100,1.4747323571447835,2.6595744680851063
0.377,37.7,147.082060022928,100,1.47082060022928,2.6525198938992043
0.378,37.8,146.69295404403138,100,1.4669295404403138,2.6455026455026456
0.379,37.9,146.30590139483868,100,1.4630590139483868,2.638522427440633
0.38,38.0,145.92088586485227,100,1.4592088586485226,2.6315789473684212
0.381,38.1,145.53789141376342,100,1.455378914137634,2.6246719160104988
0.382,38.2,145.15690216922476,100,1.4515690216922477,2.6178010471204187
0.383,38.3,144.7779024246576,100,1.447779024246576,2.6109660574412534
0.384,38.4,144.40087663709338,100,1.4440087663709338,2.6041666666666665
0.385,38.5,144.02580942504898,100,1.44025809425049,2.5974025974025974
0.386,38.6,143.65268556643488,100,1.4365268556643487,2.5906735751295336
0.387,38.7,143.28148999649576,100,1.4328148999649575,2.5839793281653747
0.388,38.800000000000004,142.91220780578314,100,1.4291220780578313,2.5773195876288657
0.389,38.9,142.544824238159,100,1.4254482423815902,2.570694087403599
0.39,39.0,142.1793246888304,100,1.421793246888304,2.564102564102564
0.391,39.1,141.81569470241396,100,1.4181569470241395,2.557544757033248
0.392,39.2,141.45391997103025,100,1.4145391997103025,2.5510204081632653
0.393,39.300000000000004,141.09398633242714,100,1.4109398633242711,2.544529262086514
0.394,39.4,140.7358797681316,100,1.4073587976813162,2.5380710659898478
0.395,39.5,140.37958640163004,100,1.4037958640163002,2.531645569620253
0.396,39.6,140.0250924965754,100,1.400250924965754,2.525252525252525
0.397,39.7,139.67238445502232,100,1.396723844550223,2.5188916876574305
0.398,39.800000000000004,139.3214488156881,100,1.3932144881568809,2.5125628140703515
0.399,39.900000000000006,138.97227225224026,100,1.3897227225224025,2.506265664160401
0.4,40.0,138.62484157160964,100,1.3862484157160964,2.5
0.401,40.1,138.27914371232882,100,1.3827914371232881,2.4937655860349124
0.402,40.2,137.93516574289518,100,1.3793516574289517,2.487562189054726
0.403,40.300000000000004,137.59289486015845,100,1.3759289486015844,2.4813895781637716
0.404,40.400000000000006,137.25231838773232,100,1.372523183877323,2.4752475247524752
0.405,40.5,136.91342377442928,100,1.3691342377442928,2.4691358024691357
0.406,40.6,136.57619859271887,100,1.3657619859271886,2.463054187192118
0.40700000000000003,40.7,136.2406305372085,100,1.362406305372085,2.457002457002457
0.40800000000000003,40.800000000000004,135.9067074231467,100,1.359067074231467,2.4509803921568625
0.40900000000000003,40.900000000000006,135.57441718494832,100,1.355744171849483,2.4449877750611244
0.41000000000000003,41.0,135.2437478747411,100,1.3524374787474112,2.4390243902439024
0.41100000000000003,41.1,134.91468766093396,100,1.3491468766093395,2.4330900243309
0.41200000000000003,41.2,134.58722482680548,100,1.3458722482680547,2.4271844660194173
0.41300000000000003,41.300000000000004,134.26134776911346,100,1.3426134776911345,2.4213075060532687
0.41400000000000003,41.400000000000006,133.9370449967243,100,1.3393704499672427,2.4154589371980673
0.41500000000000004,41.5,133.6143051292623,100,1.336143051292623,2.4096385542168672
0.41600000000000004,41.6,133.2931168957785,100,1.332931168957785,2.4038461538461537
0.41700000000000004,41.7,132.9734691334385,100,1.329734691334385,2.398081534772182
0.41800000000000004,41.800000000000004,132.65535078622932,100,1.3265535078622932,2.392344497607655
0.41900000000000004,41.900000000000006,132.33875090368463,100,1.323387509036846,2.386634844868735
0.42000000000000004,42.00000000000001,132.02365863962822,100,1.3202365863962822,2.380952380952381
0.42100000000000004,42.1,131.71006325093552,100,1.3171006325093553,2.375296912114014
0.42200000000000004,42.2,131.39795409631245,100,1.3139795409631245,2.3696682464454972
0.42300000000000004,42.300000000000004,131.08732063509186,100,1.3108732063509185,2.3640661938534278
0.42400000000000004,42.400000000000006,130.77815242604683,100,1.3077815242604682,2.3584905660377355
0.42500000000000004,42.50000000000001,130.47043912622084,100,1.3047043912622083,2.352941176470588
0.42600000000000005,42.6,130.1641704897743,100,1.3016417048977431,2.3474178403755865
0.42700000000000005,42.7,129.85933636684743,100,1.2985933636684743,2.34192037470726
0.42800000000000005,42.800000000000004,129.5559267024389,100,1.2955592670243892,2.3364485981308407
0.42900000000000005,42.900000000000006,129.25393153530035,100,1.2925393153530036,2.3310023310023307
0.43000000000000005,43.00000000000001,128.95334099684618,100,1.2895334099684617,2.325581395348837
0.43100000000000005,43.10000000000001,128.65414531007855,100,1.2865414531007855,2.3201856148491875
0.43200000000000005,43.2,128.35633478852745,100,1.2835633478852744,2.3148148148148144
0.43299999999999994,43.3,128.05989983520524,100,1.2805989983520523,2.309468822170901
0.43400000000000005,43.400000000000006,127.7648309415757,100,1.277648309415757,2.304147465437788
0.43500000000000005,43.50000000000001,127.4711186865376,100,1.274711186865376,2.2988505747126435
0.43600000000000005,43.60000000000001,127.17875373542168,100,1.2717875373542167,2.2935779816513757
0.43700000000000006,43.7,126.88772683900196,100,1.2688772683900196,2.2883295194508007
0.43799999999999994,43.8,126.59802883252024,100,1.2659802883252025,2.2831050228310503
0.43900000000000006,43.900000000000006,126.30965063472404,100,1.2630965063472404,2.2779043280182227
0.44000000000000006,44.00000000000001,126.02258324691785,100,1.2602258324691784,2.2727272727272725
0.44100000000000006,44.10000000000001,125.73681775202688,100,1.2573681775202687,2.2675736961451243
0.44200000000000006,44.2,125.45234531367387,100,1.2545234531367386,2.2624434389140267
0.44299999999999995,44.3,125.16915717526832,100,1.251691571752683,2.2573363431151243
0.44400000000000006,44.400000000000006,124.88724465910778,100,1.2488724465910777,2.252252252252252
0.44499999999999995,44.49999999999999,124.60659916549184,100,1.2460659916549184,2.247191011235955
0.44600000000000006,44.60000000000001,124.32721217184721,100,1.243272121718472,2.242152466367713
0.44700000000000006,44.7,124.04907523186544,100,1.2404907523186544,2.2371364653243844
0.44799999999999995,44.8,123.7721799746515,100,1.2377217997465149,2.232142857142857
0.44900000000000007,44.900000000000006,123.49651810388386,100,1.2349651810388385,2.2271714922048993
0.44999999999999996,44.99999999999999,123.22208139698637,100,1.2322208139698636,2.2222222222222223
0.45100000000000007,45.10000000000001,122.94886170431009,100,1.229488617043101,2.217294900221729
0.45200000000000007,45.20000000000001,122.67685094832711,100,1.226768509483271,2.2123893805309733
0.45299999999999996,45.3,122.40604112283414,100,1.2240604112283413,2.207505518763797
0.45400000000000007,45.400000000000006,122.13642429216708,100,1.2213642429216707,2.202643171806167
0.45499999999999996,45.49999999999999,121.86799259042608,100,1.2186799259042607,2.197802197802198
0.45600000000000007,45.60000000000001,121.6007382207102,100,1.216007382207102,2.1929824561403506
0.4570000000000001,45.70000000000001,121.33465345436292,100,1.2133465345436292,2.1881838074398248
0.45799999999999996,45.8,121.06973063022679,100,1.2106973063022677,2.183406113537118
0.4590000000000001,45.900000000000006,120.80596215390817,100,1.2080596215390818,2.1786492374727664
0.45999999999999996,46.0,120.54334049705189,100,1.2054334049705189,2.173913043478261
0.4610000000000001,46.10000000000001,120.28185819662441,100,1.202818581966244,2.1691973969631233
0.46199999999999997,46.199999999999996,120.0215078542075,100,1.2002150785420749,2.1645021645021645
0.46299999999999997,46.3,119.76228213529993,100,1.1976228213529991,2.1598272138228944
0.4640000000000001,46.400000000000006,119.50417376862899,100,1.1950417376862899,2.155172413793103
0.46499999999999997,46.5,119.24717554547068,100,1.1924717554547066,2.1505376344086025
0.4660000000000001,46.60000000000001,118.99128031897823,100,1.189912803189782,2.1459227467811157
0.46699999999999997,46.699999999999996,118.73648100352005,100,1.1873648100352006,2.1413276231263385
0.46799999999999997,46.8,118.48277057402535,100,1.1848277057402534,2.1367521367521367
0.4690000000000001,46.900000000000006,118.2301420653387,100,1.182301420653387,2.132196162046908
0.47,47.0,117.97858857158269,100,1.1797858857158268,2.127659574468085
0.4710000000000001,47.10000000000001,117.72810324552835,100,1.1772810324552834,2.123142250530785
0.472,47.199999999999996,117.4786792979743,100,1.1747867929797429,2.1186440677966103
0.473,47.3,117.2303099971329,100,1.172303099971329,2.1141649048625792
0.474,47.4,116.98298866802503,100,1.1698298866802503,2.109704641350211
0.475,47.5,116.73670869188182,100,1.1673670869188182,2.1052631578947367
0.4760000000000001,47.60000000000001,116.49146350555431,100,1.164914635055543,2.1008403361344534
0.477,47.699999999999996,116.24724660093054,100,1.1624724660093053,2.0964360587002098
0.478,47.8,116.00405152435955,100,1.1600405152435955,2.092050209205021
0.479,47.9,115.76187187608322,100,1.1576187187608322,2.0876826722338206
0.48,48.0,115.52070130967472,100,1.1552070130967471,2.0833333333333335
0.4810000000000001,48.10000000000001,115.2805335314841,100,1.1528053353148409,2.0790020790020787
0.482,48.199999999999996,115.04136230009101,100,1.1504136230009099,2.074688796680498
0.483,48.3,114.8031814257637,100,1.148031814257637,2.070393374741201
0.484,48.4,114.56598476992534,100,1.1456598476992532,2.066115702479339
0.485,48.5,114.32976624462653,100,1.1432976624462652,2.061855670103093
0.4860000000000001,48.60000000000001,114.09451981202439,100,1.1409451981202439,2.0576131687242794
0.487,48.699999999999996,113.8602394838683,100,1.138602394838683,2.053388090349076
0.488,48.8,113.62691932099152,100,1.1362691932099152,2.0491803278688523
0.489,48.9,113.39455343280953,100,1.1339455343280953,2.044989775051125
0.49,49.0,113.16313597682421,100,1.1316313597682421,2.0408163265306123
0.491,49.1,112.93266115813414,100,1.1293266115813414,2.0366598778004072
0.492,49.2,112.70312322895094,100,1.1270312322895093,2.032520325203252
0.493,49.3,112.47451648812142,100,1.1247451648812141,2.028397565922921
0.494,49.4,112.24683528065559,100,1.1224683528065558,2.0242914979757085
0.495,49.5,112.02007399726033,100,1.1202007399726033,2.0202020202020203
0.496,49.6,111.79422707387876,100,1.1179422707387874,2.0161290322580645
0.497,49.7,111.56928899123514,100,1.1156928899123513,2.0120724346076457
0.498,49.8,111.34525427438527,100,1.1134525427438526,2.0080321285140563
0.499,49.9,111.12211749227227,100,1.1112211749227225,2.004008016032064
0.5,50.0,110.89987325728772,100,1.1089987325728772,2.0
0.501,50.1,110.67851622483805,100,1.1067851622483804,1.996007984031936
0.502,50.2,110.45804109291606,100,1.1045804109291606,1.9920318725099602
0.503,50.3,110.23844260167766,100,1.1023844260167766,1.9880715705765408
0.504,50.4,110.01971553302353,100,1.1001971553302352,1.9841269841269842
0.505,50.5,109.80185471018586,100,1.0980185471018586,1.9801980198019802
0.506,50.6,109.58485499731988,100,1.0958485499731987,1.976284584980237
0.507,50.7,109.36871129910031,100,1.093687112991003,1.9723865877712032
0.508,50.8,109.15341856032256,100,1.0915341856032255,1.968503937007874
0.509,50.9,108.93897176550857,100,1.0893897176550855,1.9646365422396856
0.51,51.0,108.72536593851737,100,1.0872536593851736,1.9607843137254901
0.511,51.1,108.51259614216019,100,1.085125961421602,1.9569471624266144
0.512,51.2,108.30065747782004,100,1.0830065747782003,1.953125
0.513,51.300000000000004,108.08954508507576,100,1.0808954508507576,1.949317738791423
0.514,51.4,107.87925414133046,100,1.0787925414133046,1.9455252918287937
0.515,51.5,107.66977986144438,100,1.076697798614444,1.941747572815534
0.516,51.6,107.46111749737182,100,1.0746111749737182,1.937984496124031
0.517,51.7,107.25326233780244,100,1.0725326233780244,1.9342359767891681
0.518,51.800000000000004,107.04620970780668,100,1.0704620970780667,1.9305019305019304
0.519,51.9,106.83995496848527,100,1.0683995496848528,1.9267822736030829
0.52,52.0,106.63449351662281,100,1.066344935166228,1.923076923076923
0.521,52.1,106.42982078434522,100,1.0642982078434522,1.9193857965451055
0.522,52.2,106.22593223878134,100,1.0622593223878134,1.9157088122605364
0.523,52.300000000000004,106.02282338172822,100,1.0602282338172822,1.9120458891013383
0.524,52.400000000000006,105.82048974932034,100,1.0582048974932035,1.9083969465648853
0.525,52.5,105.61892691170259,100,1.0561892691170258,1.9047619047619047
0.526,52.6,105.41813047270696,100,1.0541813047270696,1.9011406844106462
0.527,52.7,105.21809606953293,100,1.0521809606953294,1.8975332068311195
0.528,52.800000000000004,105.01881937243155,100,1.0501881937243154,1.8939393939393938
0.529,52.900000000000006,104.82029608439292,100,1.0482029608439292,1.8903591682419658
0.53,53.0,104.62252194083747,100,1.0462252194083745,1.8867924528301885
0.531,53.1,104.42549270931046,100,1.0442549270931045,1.8832391713747645
0.532,53.2,104.22920418918018,100,1.0422920418918018,1.8796992481203008
0.533,53.300000000000004,104.03365221133932,100,1.0403365221133931,1.8761726078799248
0.534,53.400000000000006,103.83883263790985,100,1.0383883263790985,1.8726591760299625
0.535,53.5,103.64474136195113,100,1.0364474136195114,1.8691588785046729
0.536,53.6,103.45137430717138,100,1.0345137430717137,1.8656716417910446
0.537,53.7,103.2587274276422,100,1.032587274276422,1.8621973929236497
0.538,53.800000000000004,103.06679670751646,100,1.0306679670751646,1.858736059479554
0.539,53.900000000000006,102.87557816074927,100,1.0287557816074926,1.8552875695732838
0.54,54.0,102.68506783082196,100,1.0268506783082196,1.8518518518518516
0.541,54.1,102.49526179046924,100,1.0249526179046924,1.8484288354898335
0.542,54.2,102.30615614140933,100,1.0230615614140932,1.8450184501845017
0.543,54.300000000000004,102.11774701407708,100,1.0211774701407708,1.8416206261510129
0.544,54.400000000000006,101.93003056736003,100,1.0193003056736003,1.838235294117647
0.545,54.50000000000001,101.74300298833735,100,1.0174300298833734,1.8348623853211008
0.546,54.6,101.55666049202172,100,1.0155666049202172,1.8315018315018314
0.547,54.7,101.37099932110394,100,1.0137099932110394,1.8281535648994514
0.548,54.800000000000004,101.18601574570047,100,1.0118601574570047,1.824817518248175
0.549,54.900000000000006,101.00170606310357,100,1.0100170606310357,1.8214936247723132
0.55,55.00000000000001,100.81806659753428,100,1.0081806659753427,1.8181818181818181
0.551,55.1,100.6350936998981,100,1.006350936998981,1.8148820326678765
0.552,55.2,100.45278374754322,100,1.004527837475432,1.8115942028985506
0.553,55.300000000000004,100.27113314402145,100,1.0027113314402143,1.8083182640144664
0.554,55.400000000000006,100.09013831885173,100,1.0009013831885172,1.8050541516245486
0.5544993662864386,55.44993662864386,100.0,100,1.0,1.8034285714285712
0.555,55.50000000000001,99.90979572728622,100,0.9990979572728622,1.8018018018018016
0.556,55.60000000000001,99.73010185007888,100,0.9973010185007888,1.7985611510791366
0.557,55.7,99.55105319325648,100,0.9955105319325647,1.7953321364452421
0.5579999999999999,55.8,99.37264628789224,100,0.9937264628789223,1.792114695340502
0.559,55.900000000000006,99.19487768988168,100,0.9919487768988167,1.7889087656529514
0.56,56.00000000000001,99.01774397972117,100,0.9901774397972116,1.7857142857142856
0.561,56.10000000000001,98.84124176228852,100,0.9884124176228851,1.7825311942959
0.562,56.2,98.66536766662608,100,0.9866536766662607,1.779359430604982
0.563,56.3,98.49011834572623,100,0.9849011834572623,1.7761989342806397
0.5640000000000001,56.400000000000006,98.3154904763189,100,0.9831549047631889,1.7730496453900708
0.5650000000000001,56.50000000000001,98.14148075866169,100,0.9814148075866169,1.7699115044247786
0.5660000000000001,56.60000000000001,97.9680859163319,100,0.9796808591633189,1.7667844522968197
0.5670000000000001,56.7,97.79530269602091,100,0.977953026960209,1.763668430335097
0.568,56.8,97.62312786733075,100,0.9762312786733075,1.7605633802816902
0.5690000000000001,56.900000000000006,97.45155822257269,100,0.9745155822257268,1.7574692442882247
0.57,56.99999999999999,97.28059057656819,100,0.9728059057656818,1.7543859649122808
0.5710000000000001,57.10000000000001,97.11022176645159,100,0.9711022176645158,1.7513134851138352
0.5720000000000001,57.2,96.94044865147526,100,0.9694044865147526,1.7482517482517481
0.573,57.3,96.77126811281651,100,0.9677126811281651,1.7452006980802794
0.5740000000000001,57.400000000000006,96.6026770533865,100,0.966026770533865,1.7421602787456445
0.575,57.49999999999999,96.4346723976415,100,0.964346723976415,1.7391304347826089
0.5760000000000001,57.60000000000001,96.26725109139558,100,0.9626725109139558,1.736111111111111
0.5770000000000001,57.70000000000001,96.1004101016358,100,0.9610041010163579,1.7331022530329288
0.578,57.8,95.93414641633886,100,0.9593414641633886,1.7301038062283738
0.5790000000000001,57.900000000000006,95.7684570442899,100,0.957684570442899,1.7271157167530222
0.58,57.99999999999999,95.60333901490321,100,0.9560333901490321,1.7241379310344829
0.5810000000000001,58.10000000000001,95.4387893780445,100,0.954387893780445,1.7211703958691909
0.5820000000000001,58.20000000000001,95.27480520385542,100,0.9527480520385542,1.7182130584192439
0.583,58.3,95.11138358257953,100,0.9511138358257952,1.7152658662092626
0.5840000000000001,58.400000000000006,94.94852162439017,100,0.9494852162439016,1.7123287671232874
0.585,58.5,94.78621645922028,100,0.9478621645922027,1.7094017094017095
0.5860000000000001,58.60000000000001,94.62446523659361,100,0.946244652365936,1.706484641638225
0.587,58.699999999999996,94.46326512545804,100,0.9446326512545803,1.7035775127768313
0.588,58.8,94.30261331402018,100,0.9430261331402018,1.7006802721088436
0.5890000000000001,58.900000000000006,94.14250700958209,100,0.9414250700958209,1.6977928692699489
0.59,59.0,93.98294343837944,100,0.9398294343837943,1.6949152542372883
0.5910000000000001,59.10000000000001,93.82391984542107,100,0.9382391984542107,1.692047377326565
0.592,59.199999999999996,93.66543349433086,100,0.9366543349433085,1.6891891891891893
0.593,59.3,93.50748166719033,100,0.9350748166719032,1.6863406408094437
0.5940000000000001,59.400000000000006,93.35006166438359,100,0.9335006166438359,1.6835016835016832
0.595,59.5,93.19317080444347,100,0.9319317080444346,1.680672268907563
0.5960000000000001,59.60000000000001,93.03680642389908,100,0.9303680642389908,1.6778523489932884
0.597,59.699999999999996,92.8809658771254,100,0.928809658771254,1.6750418760469012
0.598,59.8,92.72564653619375,100,0.9272564653619375,1.6722408026755853
0.599,59.9,92.57084579072432,100,0.9257084579072431,1.669449081803005
0.6,60.0,92.41656104773978,100,0.9241656104773976,1.6666666666666667
0.601,60.099999999999994,92.26278973152057,100,0.9226278973152057,1.663893510815308
0.602,60.199999999999996,92.10952928346157,100,0.9210952928346157,1.6611295681063123
0.603,60.3,91.95677716193012,100,0.9195677716193011,1.658374792703151
0.604,60.4,91.8045308421256,100,0.918045308421256,1.6556291390728477
0.605,60.5,91.65278781594027,100,0.9165278781594026,1.6528925619834711
0.606,60.6,91.50154559182155,100,0.9150154559182155,1.6501650165016502
0.607,60.699999999999996,91.35080169463569,100,0.9135080169463569,1.6474464579901154
0.608,60.8,91.20055366553267,100,0.9120055366553267,1.6447368421052633
0.609,60.9,91.05079906181258,100,0.9105079906181258,1.6420361247947455
0.61,61.0,90.90153545679321,100,0.9090153545679321,1.639344262295082
0.611,61.1,90.752760439679,100,0.9075276043967898,1.6366612111292962
0.612,61.199999999999996,90.60447161543115,100,0.9060447161543115,1.6339869281045751
0.613,61.3,90.45666660463925,100,0.9045666660463925,1.6313213703099512
0.614,61.4,90.30934304339391,100,0.9030934304339391,1.6286644951140066
0.615,61.5,90.16249858316075,100,0.9016249858316074,1.6260162601626016
0.616,61.6,90.01613089065562,100,0.9001613089065562,1.6233766233766234
0.617,61.7,89.87023764772101,100,0.8987023764772101,1.6207455429497568
0.618,61.8,89.72481655120366,100,0.8972481655120366,1.6181229773462784
0.619,61.9,89.57986531283338,100,0.8957986531283337,1.6155088852988693
0.62,62.0,89.435381659103,100,0.89435381659103,1.6129032258064517
0.621,62.1,89.29136333114954,100,0.8929136333114953,1.6103059581320451
0.622,62.2,89.14780808463644,100,0.8914780808463643,1.607717041800643
0.623,62.3,89.00471368963701,100,0.8900471368963702,1.6051364365971108
0.624,62.4,88.862077930519,100,0.88862077930519,1.6025641025641026
0.625,62.5,88.71989860583018,100,0.8871989860583017,1.6
0.626,62.6,88.57817352818508,100,0.8857817352818508,1.597444089456869
0.627,62.7,88.43690052415289,100,0.8843690052415288,1.594896331738437
0.628,62.8,88.29607743414627,100,0.8829607743414627,1.5923566878980893
0.629,62.9,88.15570211231139,100,0.8815570211231138,1.589825119236884
0.63,63.0,88.01577242641882,100,0.8801577242641883,1.5873015873015872
0.631,63.1,87.87628625775572,100,0.8787628625775572,1.5847860538827259
0.632,63.2,87.73724150101877,100,0.8773724150101876,1.5822784810126582
0.633,63.3,87.5986360642083,100,0.875986360642083,1.5797788309636651
0.634,63.4,87.46046786852344,100,0.8746046786852344,1.5772870662460567
0.635,63.5,87.32273484825805,100,0.8732273484825804,1.574803149606299
0.636,63.6,87.1854349506979,100,0.8718543495069789,1.572327044025157
0.637,63.7,87.04856613601862,100,0.8704856613601861,1.5698587127158556
0.638,63.800000000000004,86.91212637718473,100,0.8691212637718473,1.567398119122257
0.639,63.9,86.77611365984954,100,0.8677611365984954,1.5649452269170578
0.64,64.0,86.64052598225604,100,0.8664052598225602,1.5625
0.641,64.1,86.50536135513863,100,0.8650536135513862,1.5600624024960998
0.642,64.2,86.37061780162595,100,0.8637061780162595,1.557632398753894
0.643,64.3,86.23629335714442,100,0.8623629335714441,1.5552099533437014
0.644,64.4,86.10238606932276,100,0.8610238606932276,1.5527950310559007
0.645,64.5,85.96889399789745,100,0.8596889399789746,1.5503875968992247
0.646,64.60000000000001,85.83581521461898,100,0.8583581521461897,1.547987616099071
0.647,64.7,85.70314780315898,100,0.8570314780315897,1.5455950540958268
0.648,64.8,85.57088985901831,100,0.855708898590183,1.5432098765432098
0.649,64.9,85.43903948943584,100,0.8543903948943583,1.5408320493066254
0.65,65.0,85.30759481329825,100,0.8530759481329824,1.5384615384615383
0.651,65.10000000000001,85.17655396105047,100,0.8517655396105047,1.5360983102918586
0.652,65.2,85.04591507460715,100,0.8504591507460714,1.5337423312883436
0.6529999999999999,65.3,84.91567630726473,100,0.8491567630726473,1.5313935681470139
0.654,65.4,84.78583582361446,100,0.8478583582361446,1.529051987767584
0.655,65.5,84.65639179945627,100,0.8465639179945627,1.5267175572519083
0.656,65.60000000000001,84.5273424217132,100,0.8452734242171319,1.524390243902439
0.657,65.7,84.39868588834682,100,0.8439868588834681,1.5220700152207
0.6579999999999999,65.8,84.27042040827335,100,0.8427042040827335,1.5197568389057752
0.659,65.9,84.14254420128051,100,0.8414254420128051,1.5174506828528072
0.66,66.0,84.01505549794524,100,0.8401505549794523,1.5151515151515151
0.661,66.10000000000001,83.88795253955197,100,0.8388795253955198,1.51285930408472
0.662,66.2,83.76123357801187,100,0.8376123357801186,1.510574018126888
0.6629999999999999,66.3,83.6348968757826,100,0.836348968757826,1.508295625942685
0.664,66.4,83.50894070578894,100,0.8350894070578894,1.506024096385542
0.6649999999999999,66.49999999999999,83.38336335134416,100,0.8338336335134415,1.5037593984962407
0.666,66.60000000000001,83.25816310607186,100,0.8325816310607186,1.5015015015015014
0.667,66.7,83.13333827382887,100,0.8313333827382887,1.4992503748125936
0.6679999999999999,66.8,83.00888716862855,100,0.8300888716862854,1.4970059880239523
0.669,66.9,82.8848081145648,100,0.8288480811456481,1.4947683109118086
0.6699999999999999,67.0,82.76109944573712,100,0.8276109944573711,1.492537313432836
0.6709999999999999,67.1,82.63775950617566,100,0.8263775950617566,1.490312965722802
0.672,67.2,82.51478664976764,100,0.8251478664976765,1.488095238095238
0.673,67.30000000000001,82.39217924018403,100,0.8239217924018404,1.4858841010401187
0.674,67.4,82.26993565080691,100,0.822699356508069,1.4836795252225519
0.6749999999999999,67.5,82.14805426465757,100,0.8214805426465758,1.4814814814814816
0.6759999999999999,67.6,82.02653347432525,100,0.8202653347432525,1.4792899408284026
0.677,67.7,81.9053716818964,100,0.8190537168189639,1.4771048744460855
0.678,67.80000000000001,81.78456729888475,100,0.8178456729888475,1.4749262536873156
0.679,67.9,81.66411874616179,100,0.8166411874616178,1.4727540500736376
0.6799999999999999,68.0,81.54402445388804,100,0.8154402445388803,1.4705882352941178
0.6809999999999999,68.1,81.42428286144474,100,0.8142428286144473,1.4684287812041117
0.682,68.2,81.30489241736636,100,0.8130489241736636,1.4662756598240467
0.683,68.30000000000001,81.18585157927359,100,0.8118585157927358,1.4641288433382136
0.684,68.4,81.06715881380681,100,0.810671588138068,1.461988304093567
0.6849999999999999,68.5,80.94881259656039,100,0.8094881259656038,1.4598540145985404
0.6859999999999999,68.6,80.8308114120173,100,0.8083081141201729,1.457725947521866
0.687,68.7,80.7131537534845,100,0.807131537534845,1.455604075691412
0.6880000000000001,68.80000000000001,80.59583812302886,100,0.8059583812302886,1.4534883720930232
0.6890000000000001,68.9,80.47886303141344,100,0.8047886303141343,1.4513788098693758
0.69,69.0,80.36222699803459,100,0.8036222699803458,1.4492753623188408
0.691,69.1,80.24592855085943,100,0.8024592855085942,1.4471780028943562
0.6920000000000001,69.2,80.12996622636396,100,0.8012996622636395,1.445086705202312
0.6930000000000001,69.30000000000001,80.01433856947166,100,0.8001433856947165,1.4430014430014428
0.694,69.39999999999999,79.8990441334926,100,0.798990441334926,1.4409221902017293
0.695,69.5,79.78408148006312,100,0.7978408148006311,1.4388489208633095
0.696,69.6,79.66944917908602,100,0.79669449179086,1.4367816091954024
0.6970000000000001,69.7,79.55514580867124,100,0.7955514580867123,1.4347202295552366
0.6980000000000001,69.80000000000001,79.44116995507716,100,0.7944116995507715,1.4326647564469912
0.699,69.89999999999999,79.32752021265216,100,0.7932752021265216,1.430615164520744
0.7,70.0,79.21419518377695,100,0.7921419518377695,1.4285714285714286
0.701,70.1,79.10119347880723,100,0.7910119347880722,1.4265335235378032
0.7020000000000001,70.2,78.98851371601688,100,0.7898851371601688,1.4245014245014245
0.7030000000000001,70.30000000000001,78.87615452154176,100,0.7887615452154175,1.422475106685633
0.704,70.39999999999999,78.76411452932368,100,0.7876411452932367,1.4204545454545456
0.705,70.5,78.65239238105512,100,0.7865239238105513,1.4184397163120568
0.706,70.6,78.54098672612446,100,0.7854098672612445,1.41643059490085
0.7070000000000001,70.7,78.42989622156132,100,0.7842989622156132,1.4144271570014142
0.7080000000000001,70.80000000000001,78.31911953198285,100,0.7831911953198284,1.4124293785310733
0.709,70.89999999999999,78.20865532954001,100,0.7820865532954,1.4104372355430184
0.71,71.0,78.0985022938646,100,0.7809850229386459,1.4084507042253522
0.711,71.1,77.98865911201669,100,0.7798865911201668,1.4064697609001406
0.7120000000000001,71.2,77.87912447843239,100,0.7787912447843238,1.4044943820224718
0.7130000000000001,71.30000000000001,77.76989709487216,100,0.7776989709487216,1.4025245441795229
0.714,71.39999999999999,77.66097567036955,100,0.7766097567036956,1.400560224089636
0.715,71.5,77.55235892118023,100,0.7755235892118022,1.3986013986013988
0.716,71.6,77.44404557073166,100,0.7744404557073165,1.3966480446927374
0.7170000000000001,71.7,77.33603434957303,100,0.7733603434957301,1.3947001394700138
0.7180000000000001,71.80000000000001,77.22832399532571,100,0.772283239953257,1.3927576601671308
0.719,71.89999999999999,77.12091325263403,100,0.7712091325263402,1.3908205841446455
0.72,72.0,77.01380087311648,100,0.7701380087311648,1.3888888888888888
0.721,72.1,76.90698561531742,100,0.7690698561531742,1.3869625520110958
0.7220000000000001,72.2,76.80046624465908,100,0.7680046624465907,1.3850415512465373
0.723,72.3,76.694241533394,100,0.76694241533394,1.3831258644536653
0.724,72.39999999999999,76.58831026055782,100,0.7658831026055782,1.3812154696132597
0.725,72.5,76.48267121192256,100,0.7648267121192257,1.3793103448275863
0.726,72.6,76.37732317995022,100,0.7637732317995022,1.3774104683195594
0.7270000000000001,72.7,76.27226496374671,100,0.762722649637467,1.3755158184319118
0.728,72.8,76.1674953690163,100,0.7616749536901629,1.3736263736263736
0.729,72.89999999999999,76.06301320801627,100,0.7606301320801627,1.3717421124828533
0.73,73.0,75.95881729951213,100,0.7595881729951214,1.36986301369863
0.731,73.1,75.85490646873305,100,0.7585490646873305,1.3679890560875514
0.7320000000000001,73.2,75.75127954732767,100,0.7575127954732767,1.3661202185792347
0.733,73.3,75.64793537332041,100,0.7564793537332041,1.364256480218281
0.734,73.4,75.54487279106793,100,0.7554487279106793,1.3623978201634879
0.735,73.5,75.44209065121613,100,0.7544209065121613,1.3605442176870748
0.736,73.6,75.33958781065742,100,0.7533958781065742,1.358695652173913
0.7370000000000001,73.70000000000002,75.23736313248827,100,0.7523736313248827,1.3568521031207597
0.738,73.8,75.13541548596729,100,0.7513541548596729,1.3550135501355014
0.739,73.9,75.03374374647343,100,0.7503374374647342,1.3531799729364005
0.74,74.0,74.93234679546468,100,0.7493234679546468,1.3513513513513513
0.741,74.1,74.83122352043706,100,0.7483122352043706,1.349527665317139
0.7420000000000001,74.20000000000002,74.7303728148839,100,0.7473037281488389,1.347708894878706
0.743,74.3,74.62979357825553,100,0.7462979357825553,1.3458950201884252
0.744,74.4,74.52948471591917,100,0.7452948471591917,1.3440860215053763
0.745,74.5,74.42944513911928,100,0.7442944513911928,1.342281879194631
0.746,74.6,74.32967376493815,100,0.7432967376493815,1.3404825737265416
0.7470000000000001,74.70000000000002,74.23016951625684,100,0.7423016951625683,1.3386880856760373
0.748,74.8,74.13093132171639,100,0.7413093132171639,1.3368983957219251
0.749,74.9,74.03195811567939,100,0.7403195811567939,1.335113484646195
0.75,75.0,73.93324883819182,100,0.7393324883819181,1.3333333333333333
0.751,75.1,73.83480243494522,100,0.7383480243494521,1.3315579227696406
0.752,75.2,73.73661785723918,100,0.7373661785723917,1.3297872340425532
0.753,75.3,73.63869406194404,100,0.7363869406194403,1.3280212483399734
0.754,75.4,73.541030011464,100,0.73541030011464,1.3262599469496021
0.755,75.5,73.44362467370048,100,0.7344362467370047,1.3245033112582782
0.756,75.6,73.34647702201569,100,0.7334647702201569,1.3227513227513228
0.757,75.7,73.24958603519664,100,0.7324958603519665,1.321003963011889
0.758,75.8,73.15295069741934,100,0.7315295069741934,1.3192612137203166
0.759,75.9,73.05656999821325,100,0.7305656999821325,1.3175230566534915
0.76,76.0,72.96044293242613,100,0.7296044293242613,1.3157894736842106
0.7609999999999999,76.1,72.86456850018905,100,0.7286456850018905,1.3140604467805521
0.762,76.2,72.76894570688171,100,0.727689457068817,1.3123359580052494
0.763,76.3,72.67357356309812,100,0.7267357356309812,1.310615989515072
0.764,76.4,72.57845108461238,100,0.7257845108461238,1.3089005235602094
0.765,76.5,72.48357729234492,100,0.7248357729234491,1.3071895424836601
0.7659999999999999,76.6,72.3889512123288,100,0.7238895121232881,1.3054830287206267
0.767,76.7,72.29457187567648,100,0.7229457187567647,1.303780964797914
0.768,76.8,72.20043831854669,100,0.7220043831854669,1.3020833333333333
0.769,76.9,72.10654958211165,100,0.7210654958211165,1.3003901170351104
0.77,77.0,72.01290471252449,100,0.720129047125245,1.2987012987012987
0.7709999999999999,77.1,71.91950276088699,100,0.7191950276088699,1.297016861219196
0.772,77.2,71.82634278321744,100,0.7182634278321743,1.2953367875647668
0.773,77.3,71.73342384041896,100,0.7173342384041896,1.2936610608020698
0.774,77.4,71.64074499824788,100,0.7164074499824787,1.2919896640826873
0.775,77.5,71.5483053272824,100,0.7154830532728239,1.2903225806451613
0.7759999999999999,77.6,71.45610390289158,100,0.7145610390289158,1.288659793814433
0.777,77.7,71.36413980520446,100,0.7136413980520445,1.287001287001287
0.778,77.8,71.2724121190795,100,0.7127241211907951,1.2853470437017995
0.779,77.9,71.18091993407427,100,0.7118091993407427,1.2836970474967908
0.78,78.0,71.0896623444152,100,0.710896623444152,1.282051282051282
0.7809999999999999,78.1,70.99863844896782,100,0.7099863844896782,1.2804097311139566
0.782,78.2,70.90784735120698,100,0.7090784735120698,1.278772378516624
0.783,78.3,70.81728815918756,100,0.7081728815918755,1.277139208173691
0.784,78.4,70.72695998551512,100,0.7072695998551513,1.2755102040816326
0.785,78.5,70.63686194731702,100,0.7063686194731702,1.2738853503184713
0.7859999999999999,78.6,70.54699316621357,100,0.7054699316621357,1.272264631043257
0.787,78.7,70.45735276828952,100,0.7045735276828953,1.2706480304955527
0.788,78.8,70.3679398840658,100,0.7036793988406581,1.2690355329949239
0.789,78.9,70.27875364847131,100,0.702787536484713,1.2674271229404308
0.7899999999999999,78.99999999999999,70.18979320081502,100,0.7018979320081502,1.2658227848101267
0.7909999999999999,79.1,70.10105768475836,100,0.7010105768475836,1.2642225031605563
0.792,79.2,70.0125462482877,100,0.700125462482877,1.2626262626262625
0.793,79.3,69.92425804368709,100,0.6992425804368708,1.2610340479192939
0.794,79.4,69.83619222751116,100,0.6983619222751115,1.2594458438287153
0.7949999999999999,79.5,69.74834796055832,100,0.6974834796055832,1.257861635220126
0.7959999999999999,79.6,69.66072440784406,100,0.6966072440784405,1.256281407035176
0.797,79.7,69.57332073857448,100,0.6957332073857447,1.2547051442910915
0.798,79.80000000000001,69.48613612612013,100,0.6948613612612012,1.2531328320802004
0.799,79.9,69.39916974798982,100,0.6939916974798981,1.2515644555694618
0.7999999999999999,80.0,69.31242078580483,100,0.6931242078580483,1.25
0.8009999999999999,80.1,69.22588842527324,100,0.6922588842527324,1.2484394506866419
0.802,80.2,69.13957185616441,100,0.6913957185616441,1.2468827930174562
0.803,80.30000000000001,69.05347027228376,100,0.6905347027228376,1.2453300124533
0.804,80.4,68.96758287144759,100,0.6896758287144759,1.243781094527363
0.8049999999999999,80.5,68.88190885545822,100,0.6888190885545822,1.2422360248447206
0.8059999999999999,80.6,68.79644743007924,100,0.6879644743007923,1.240694789081886
0.807,80.7,68.71119780501098,100,0.6871119780501097,1.2391573729863692
0.808,80.80000000000001,68.62615919386616,100,0.6862615919386615,1.2376237623762376
0.809,80.9,68.54133081414568,100,0.6854133081414568,1.2360939431396785
0.8099999999999999,81.0,68.45671188721465,100,0.6845671188721465,1.234567901234568
0.8109999999999999,81.1,68.3723016382785,100,0.683723016382785,1.2330456226880395
0.812,81.2,68.28809929635943,100,0.6828809929635943,1.231527093596059
0.8130000000000001,81.30000000000001,68.20410409427289,100,0.6820410409427289,1.2300123001230012
0.8140000000000001,81.4,68.12031526860424,100,0.6812031526860425,1.2285012285012284
0.815,81.5,68.03673205968572,100,0.6803673205968572,1.2269938650306749
0.816,81.6,67.95335371157337,100,0.6795335371157336,1.2254901960784315
0.8170000000000001,81.7,67.8701794720243,100,0.6787017947202431,1.2239902080783354
0.8180000000000001,81.80000000000001,67.78720859247416,100,0.6778720859247415,1.2224938875305622
0.819,81.89999999999999,67.70444032801448,100,0.6770444032801448,1.221001221001221
0.82,82.0,67.62187393737057,100,0.6762187393737057,1.2195121951219512
0.821,82.1,67.53950868287924,100,0.6753950868287925,1.218026796589525
0.8220000000000001,82.2,67.45734383046698,100,0.6745734383046698,1.21654501216545
0.8230000000000001,82.30000000000001,67.37537864962802,100,0.6737537864962801,1.215066828675577
0.824,82.39999999999999,67.29361241340276,100,0.6729361241340275,1.2135922330097089
0.825,82.5,67.2120443983562,100,0.672120443983562,1.2121212121212122
0.826,82.6,67.13067388455674,100,0.6713067388455674,1.2106537530266344
0.8270000000000001,82.7,67.04950015555484,100,0.6704950015555484,1.2091898428053203
0.8280000000000001,82.80000000000001,66.96852249836215,100,0.6696852249836214,1.2077294685990336
0.829,82.89999999999999,66.88774020343048,100,0.6688774020343047,1.2062726176115803
0.83,83.0,66.80715256463117,100,0.6680715256463116,1.2048192771084338
0.831,83.1,66.7267588792345,100,0.6672675887923449,1.203369434416366
0.8320000000000001,83.2,66.64655844788925,100,0.6664655844788925,1.2019230769230769
0.8330000000000001,83.30000000000001,66.56655057460247,100,0.6656655057460247,1.2004801920768307
0.834,83.39999999999999,66.48673456671926,100,0.6648673456671926,1.1990407673860912
0.835,83.5,66.40710973490283,100,0.6640710973490282,1.1976047904191618
0.836,83.6,66.32767539311467,100,0.6632767539311467,1.1961722488038278
0.8370000000000001,83.7,66.24843085859482,100,0.6624843085859481,1.194743130227001
0.8380000000000001,83.80000000000001,66.16937545184231,100,0.661693754518423,1.1933174224343674
0.839,83.89999999999999,66.09050849659579,100,0.6609050849659578,1.1918951132300357
0.84,84.0,66.01182931981413,100,0.6601182931981412,1.1904761904761905
0.841,84.1,65.93333725165739,100,0.6593333725165739,1.1890606420927468
0.8420000000000001,84.2,65.85503162546776,100,0.6585503162546776,1.187648456057007
0.8430000000000001,84.30000000000001,65.77691177775071,100,0.6577691177775071,1.1862396204033214
0.844,84.39999999999999,65.69897704815624,100,0.6569897704815624,1.1848341232227488
0.845,84.5,65.62122677946019,100,0.656212267794602,1.183431952662722
0.846,84.6,65.54366031754594,100,0.6554366031754594,1.1820330969267139
0.8470000000000001,84.7,65.4662770113859,100,0.654662770113859,1.1806375442739079
0.848,84.8,65.38907621302343,100,0.6538907621302342,1.179245283018868
0.849,84.89999999999999,65.31205727755462,100,0.653120572775546,1.1778563015312131
0.85,85.0,65.23521956311043,100,0.6523521956311042,1.1764705882352942
0.851,85.1,65.15856243083886,100,0.6515856243083885,1.1750881316098707
0.8520000000000001,85.2,65.08208524488715,100,0.6508208524488716,1.1737089201877933
0.853,85.3,65.00578737238436,100,0.6500578737238436,1.1723329425556859
0.854,85.39999999999999,64.92966818342373,100,0.6492966818342373,1.17096018735363
0.855,85.5,64.85372705104545,100,0.6485372705104545,1.1695906432748537
0.856,85.6,64.77796335121947,100,0.6477796335121946,1.1682242990654206
0.8570000000000001,85.7,64.7023764628283,100,0.647023764628283,1.1668611435239205
0.858,85.8,64.62696576765019,100,0.6462696576765019,1.1655011655011656
0.859,85.9,64.5517306503421,100,0.645517306503421,1.1641443538998837
0.86,86.0,64.47667049842309,100,0.6447667049842309,1.1627906976744187
0.861,86.1,64.40178470225769,100,0.6440178470225768,1.1614401858304297
0.8620000000000001,86.20000000000002,64.32707265503927,100,0.6432707265503927,1.1600928074245938
0.863,86.3,64.25253375277389,100,0.6425253375277388,1.1587485515643106
0.864,86.4,64.17816739426372,100,0.6417816739426373,1.1574074074074074
0.865,86.5,64.10397298109118,100,0.6410397298109116,1.1560693641618498
0.866,86.6,64.02994991760261,100,0.6402994991760261,1.1547344110854503
0.8670000000000001,86.70000000000002,63.95609761089256,100,0.6395609761089256,1.1534025374855823
0.868,86.8,63.88241547078786,100,0.6388241547078786,1.1520737327188941
0.869,86.9,63.80890290983183,100,0.6380890290983183,1.1507479861910241
0.87,87.0,63.735559343268804,100,0.637355593432688,1.1494252873563218
0.871,87.1,63.66238418902854,100,0.6366238418902854,1.148105625717566
0.8720000000000001,87.20000000000002,63.58937686771084,100,0.6358937686771083,1.1467889908256879
0.873,87.3,63.516536802570286,100,0.6351653680257029,1.145475372279496
0.874,87.4,63.443863419500985,100,0.6344386341950098,1.1441647597254005
0.875,87.5,63.37135614702156,100,0.6337135614702155,1.1428571428571428
0.876,87.6,63.299014416260114,100,0.6329901441626011,1.1415525114155252
0.877,87.7,63.22683766093941,100,0.6322683766093941,1.1402508551881414
0.878,87.8,63.15482531736203,100,0.6315482531736203,1.1389521640091116
0.879,87.9,63.08297682439574,100,0.6308297682439574,1.1376564277588168
0.88,88.0,63.01129162345893,100,0.6301129162345893,1.1363636363636365
0.881,88.1,62.93976915850609,100,0.6293976915850609,1.1350737797956867
0.882,88.2,62.86840887601345,100,0.6286840887601345,1.1337868480725624
0.883,88.3,62.797210224964736,100,0.6279721022496473,1.1325028312570782
0.884,88.4,62.726172656836944,100,0.6272617265683694,1.1312217194570136
0.885,88.5,62.655295625586284,100,0.6265529562558628,1.1299435028248588
0.8859999999999999,88.6,62.58457858763416,100,0.6258457858763415,1.1286681715575622
0.887,88.7,62.51402100185328,100,0.6251402100185328,1.1273957158962795
0.888,88.8,62.4436223295539,100,0.6244362232955389,1.1261261261261262
0.889,88.9,62.37338203447003,100,0.6237338203447003,1.124859392575928
0.89,89.0,62.30329958274591,100,0.6230329958274591,1.1235955056179776
0.8909999999999999,89.1,62.23337444292241,100,0.6223337444292241,1.1223344556677892
0.892,89.2,62.16360608592361,100,0.6216360608592361,1.1210762331838564
0.893,89.3,62.09399398504352,100,0.6209399398504352,1.1198208286674132
0.894,89.4,62.02453761593273,100,0.6202453761593273,1.1185682326621924
0.895,89.5,61.95523645658532,100,0.6195523645658532,1.1173184357541899
0.8959999999999999,89.6,61.88608998732575,100,0.6188608998732574,1.1160714285714286
0.897,89.7,61.81709769079583,100,0.6181709769079583,1.1148272017837235
0.898,89.8,61.748259051941936,100,0.6174825905194193,1.1135857461024499
0.899,89.9,61.67957355800207,100,0.6167957355800207,1.1123470522803114
0.9,90.0,61.61104069849318,100,0.6161104069849318,1.1111111111111112
0.9009999999999999,90.1,61.54265996519852,100,0.6154265996519852,1.109877913429523
0.902,90.2,61.47443085215505,100,0.6147443085215505,1.1086474501108647
0.903,90.3,61.40635285564104,100,0.6140635285564103,1.1074197120708749
0.904,90.4,61.338425474163564,100,0.6133842547416356,1.1061946902654867
0.905,90.5,61.270648208446254,100,0.6127064820844625,1.1049723756906078
0.9059999999999999,90.6,61.20302056141707,100,0.6120302056141707,1.1037527593818985
0.907,90.7,61.1355420381961,100,0.6113554203819609,1.1025358324145533
0.908,90.8,61.068212146083546,100,0.6106821214608354,1.1013215859030836
0.909,90.9,61.0010303945477,100,0.610010303945477,1.1001100110011002
0.91,91.0,60.933996295213035,100,0.6093399629521303,1.0989010989010988
0.9109999999999999,91.1,60.86710936184837,100,0.6086710936184837,1.0976948408342482
0.912,91.2,60.800369110355106,100,0.608003691103551,1.0964912280701753
0.913,91.3,60.7337750587556,100,0.6073377505875559,1.095290251916758
0.914,91.4,60.66732672718147,100,0.6066732672718146,1.0940919037199124
0.9149999999999999,91.49999999999999,60.60102363786215,100,0.6060102363786215,1.092896174863388
0.9159999999999999,91.6,60.53486531511339,100,0.6053486531511338,1.091703056768559
0.917,91.7,60.46885128532591,100,0.6046885128532591,1.0905125408942202
0.918,91.8,60.40298107695409,100,0.6040298107695409,1.0893246187363834
0.919,91.9,60.33725422050475,100,0.6033725422050474,1.088139281828074
0.9199999999999999,92.0,60.27167024852594,100,0.6027167024852594,1.0869565217391306
0.9209999999999999,92.1,60.20622869559595,100,0.6020622869559594,1.0857763300760044
0.922,92.2,60.14092909831221,100,0.6014092909831221,1.0845986984815619
0.923,92.30000000000001,60.07577099528045,100,0.6007577099528045,1.0834236186348862
0.924,92.4,60.01075392710374,100,0.6001075392710374,1.0822510822510822
0.9249999999999999,92.5,59.945877436371745,100,0.5994587743637174,1.0810810810810811
0.9259999999999999,92.6,59.88114106764996,100,0.5988114106764996,1.0799136069114472
0.927,92.7,59.816544367469106,100,0.598165443674691,1.0787486515641855
0.928,92.80000000000001,59.7520868843145,100,0.597520868843145,1.0775862068965516
0.929,92.9,59.68776816861556,100,0.5968776816861556,1.0764262648008611
0.9299999999999999,93.0,59.62358777273534,100,0.5962358777273533,1.0752688172043012
0.9309999999999999,93.1,59.55954525096011,100,0.5955954525096011,1.0741138560687433
0.932,93.2,59.49564015948912,100,0.5949564015948912,1.0729613733905579
0.933,93.30000000000001,59.43187205642428,100,0.5943187205642428,1.0718113612004287
0.934,93.4,59.36824050176002,100,0.5936824050176002,1.070663811563169
0.9349999999999999,93.5,59.30474505737312,100,0.5930474505737311,1.0695187165775402
0.9359999999999999,93.6,59.241385287012676,100,0.5924138528701267,1.0683760683760684
0.937,93.7,59.17816075629014,100,0.5917816075629013,1.0672358591248665
0.9380000000000001,93.80000000000001,59.115071032669356,100,0.5911507103266935,1.0660980810234542
0.9390000000000001,93.9,59.05211568545672,100,0.5905211568545672,1.0649627263045793
0.94,94.0,58.989294285791345,100,0.5898929428579134,1.0638297872340425
0.941,94.1,58.92660640663535,100,0.5892660640663535,1.0626992561105209
0.9420000000000001,94.2,58.86405162276418,100,0.5886405162276418,1.0615711252653928
0.9430000000000001,94.30000000000001,58.80162951075701,100,0.58801629510757,1.0604453870625663
0.944,94.39999999999999,58.73933964898715,100,0.5873933964898714,1.0593220338983051
0.945,94.5,58.677181617612554,100,0.5867718161761255,1.0582010582010584
0.946,94.6,58.61515499856645,100,0.5861515499856645,1.0570824524312896
0.9470000000000001,94.7,58.553259375547896,100,0.585532593755479,1.0559662090813093
0.9480000000000001,94.80000000000001,58.49149433401251,100,0.5849149433401251,1.0548523206751055
0.949,94.89999999999999,58.42985946116319,100,0.5842985946116318,1.053740779768177
0.95,95.0,58.36835434594091,100,0.5836835434594091,1.0526315789473684
0.951,95.1,58.30697857901563,100,0.5830697857901562,1.0515247108307046
0.9520000000000001,95.2,58.24573175277716,100,0.5824573175277716,1.0504201680672267
0.9530000000000001,95.30000000000001,58.18461346132619,100,0.5818461346132618,1.049317943336831
0.954,95.39999999999999,58.12362330046527,100,0.5812362330046527,1.0482180293501049
0.955,95.5,58.06276086768991,100,0.5806276086768991,1.0471204188481675
0.956,95.6,58.00202576217978,100,0.5800202576217978,1.0460251046025104
0.9570000000000001,95.7,57.94141758478982,100,0.5794141758478981,1.044932079414838
0.9580000000000001,95.80000000000001,57.8809359380416,100,0.578809359380416,1.04384133611691
0.959,95.89999999999999,57.82058042611456,100,0.5782058042611455,1.0427528675703859
0.96,96.0,57.76035065483736,100,0.5776035065483736,1.0416666666666667
0.961,96.1,57.70024623167936,100,0.5770024623167935,1.040582726326743
0.9620000000000001,96.2,57.640266765742055,100,0.5764026676574205,1.0395010395010393
0.9630000000000001,96.30000000000001,57.580411867750634,100,0.5758041186775062,1.0384215991692627
0.964,96.39999999999999,57.520681150045505,100,0.5752068115004549,1.037344398340249
0.965,96.5,57.46107422657395,100,0.5746107422657395,1.0362694300518136
0.966,96.6,57.40159071288185,100,0.5740159071288184,1.0351966873706004
0.9670000000000001,96.7,57.342230226105336,100,0.5734223022610533,1.0341261633919336
0.9680000000000001,96.80000000000001,57.28299238496266,100,0.5728299238496266,1.0330578512396693
0.969,96.89999999999999,57.22387680974599,100,0.5722387680974599,1.0319917440660475
0.97,97.0,57.16488312231326,100,0.5716488312231326,1.0309278350515465
0.971,97.1,57.10601094608019,100,0.5710601094608019,1.0298661174047374
0.9720000000000001,97.2,57.0472599060122,100,0.5704725990601219,1.02880658436214
0.973,97.3,56.98862962861651,100,0.569886296286165,1.027749229188078
0.974,97.39999999999999,56.93011974193415,100,0.5693011974193415,1.026694045174538
0.975,97.5,56.87172987553217,100,0.5687172987553216,1.0256410256410258
0.976,97.6,56.81345966049576,100,0.5681345966049576,1.0245901639344261
0.9770000000000001,97.7,56.75530872942053,100,0.5675530872942053,1.0235414534288638
0.978,97.8,56.697276716404765,100,0.5669727671640477,1.0224948875255624
0.979,97.89999999999999,56.63936325704174,100,0.5663936325704174,1.0214504596527068
0.98,98.0,56.581567988412104,100,0.5658156798841211,1.0204081632653061
0.981,98.1,56.52389054907631,100,0.565238905490763,1.019367991845056
0.9820000000000001,98.2,56.46633057906706,100,0.5646633057906706,1.0183299389002036
0.983,98.3,56.408887719881854,100,0.5640888771988185,1.017293997965412
0.984,98.4,56.35156161447547,100,0.5635156161447546,1.016260162601626
0.985,98.5,56.294351907252654,100,0.5629435190725265,1.015228426395939
0.986,98.6,56.23725824406071,100,0.5623725824406071,1.0141987829614605
0.9870000000000001,98.70000000000002,56.18028027218222,100,0.5618028027218223,1.0131712259371832
0.988,98.8,56.123417640327794,100,0.5612341764032779,1.0121457489878543
0.989,98.9,56.066669998628775,100,0.5606666999862877,1.0111223458038423
0.99,99.0,56.01003699863016,100,0.5601003699863016,1.0101010101010102
0.991,99.1,55.953518293283416,100,0.5595351829328341,1.0090817356205852
0.9920000000000001,99.20000000000002,55.89711353693937,100,0.5589711353693937,1.0080645161290323
0.993,99.3,55.84082238534125,100,0.5584082238534125,1.0070493454179255
0.994,99.4,55.78464449561757,100,0.5578464449561756,1.0060362173038229
0.995,99.5,55.72857952627524,100,0.5572857952627523,1.0050251256281406
0.996,99.6,55.672627137192634,100,0.5567262713719263,1.0040160642570282
0.9970000000000001,99.70000000000002,55.61678698961269,100,0.5561678698961269,1.0030090270812437
0.998,99.8,55.56105874613613,100,0.5556105874613613,1.002004008016032
0.999,99.9,55.50544207071458,100,0.5550544207071457,1.001001001001001
1.0,100.0,55.44993662864386,100,0.5544993662864386,1.0
